iso,iso3,name,name_alt,capital,capital_alt,continent,continent_alt,area_km2,population,currency_code,currency_name,languages,territories,neighbors,neighbors_alt,gdp,gdp_per_capita,landlocked,island,island_alt,flag_colors,flag_colors_alt,max_elev_name,max_elev,min_elev_name,min_elev
AD,AND,Andorra,[],Andorra la Vella,[],EU,[],468.0,77006,EUR,Euro,ca,[],"['ES', 'FR']",[],2858517699.11504,37120.71395884788,True,False,[],"['Blue', 'Red', 'Yellow/Gold']",[],Coma Pedrosa,2942.0,Gran Valira,840.0
AE,ARE,United Arab Emirates,[],Abu Dhabi,[],AS,[],82880.0,9630959,AED,Dirham,"ar-AE,fa,en,hi,ur",[],"['SA', 'OM']",[],348743265704.56104,36210.647943217395,False,False,[],"['Black', 'Green', 'Red', 'White']",[],Jabal Al Jais,1910.0,Persian Gulf,0.0
AF,AFG,Afghanistan,[],Kabul,[],AS,[],647500.0,37172386,AFN,Afghani,"fa-AF,ps,uz-AF,tk",[],"['TM', 'CN', 'IR', 'TJ', 'PK', 'UZ']",[],19469022207.6852,523.7495975557017,True,False,[],"['Black', 'Green', 'Red', 'White']",[],Noshakh,7492.0,Amu Darya,258.0
AG,ATG,Antigua and Barbuda,[],St. John's,[],NA,[],443.0,96286,XCD,Dollar,en-AG,[],[],[],1460144703.7037,15164.662606232474,False,True,[],"['Black', 'Blue', 'Red', 'White', 'Yellow/Gold']",[],Boggy Peak on Antigua,402.0,Caribbean Sea,0.0
AL,ALB,Albania,[],Tirana,[],EU,[],28748.0,2866376,ALL,Lek,"sq,el",[],"['MK', 'GR', 'ME', 'RS', 'XK']",[],11863865978.0942,4138.97757240997,False,False,[],"['Black', 'Red']",[],Korab,2764.0,Adriatic Sea,0.0
AM,ARM,Armenia,[],Yerevan,[],AS,['EU'],29800.0,2951776,AMD,Dram,hy,[],"['GE', 'IR', 'AZ', 'TR']",[],10572298341.5618,3581.673657337752,True,False,[],"['Blue', 'Orange', 'Red']",[],Mount Aragats,4090.0,Debed,400.0
AO,AGO,Angola,[],Luanda,[],AF,[],1246700.0,30809762,AOA,Kwanza,pt-AO,[],"['CD', 'NA', 'ZM', 'CG']",[],95335111741.2025,3094.31509861071,False,False,[],"['Black', 'Red', 'Yellow/Gold']",[],Mount Moco,2620.0,South Atlantic Ocean,0.0
AR,ARG,Argentina,[],Buenos Aires,[],SA,[],2766890.0,44494502,ARS,Peso,"es-AR,en,it,de,fr,gn",[],"['CL', 'BO', 'UY', 'PY', 'BR']",[],545476103427.24695,12259.404620985464,False,False,[],"['Blue', 'White']",['Yellow/Gold'],Aconcagua,6960.0,Laguna del Carbón,-105.0
AT,AUT,Austria,[],Vienna,[],EU,[],83858.0,8847037,EUR,Euro,"de-AT,hr,hu,sl",[],"['CH', 'DE', 'HU', 'SK', 'CZ', 'IT', 'SI', 'LI']",[],390799991147.46796,44172.98030374101,True,False,[],"['Red', 'White']",[],Grossglockner,3798.0,Lake Neusiedl,115.0
AU,AUS,Australia,[],Canberra,[],OC,[],7686850.0,24992369,AUD,Dollar,en-AU,"['CC', 'CX', 'HM', 'NF']",[],[],1204616439828.41,48199.36996882568,False,False,[True],"['Blue', 'Red', 'White']",[],Mount Kosciuszko,2228.0,Lake Eyre,-15.0
AZ,AZE,Azerbaijan,[],Baku,[],AS,['EU'],86600.0,9942334,AZN,Manat,"az,ru,hy",[],"['GE', 'IR', 'AM', 'TR', 'RU']",[],37847715736.0406,3806.723424906124,True,False,[],"['Blue', 'Green', 'Red', 'White']",[],Mount Bazardüzü,4485.0,Caspian Sea,-28.0
BA,BIH,Bosnia and Herzegovina,[],Sarajevo,[],EU,[],51129.0,3323929,BAM,Marka,"bs,hr-BA,sr-BA",[],"['HR', 'ME', 'RS']",[],16910277133.646301,5087.436324195342,False,False,[],"['Blue', 'White', 'Yellow/Gold']",[],Maglić,2386.0,Adriatic Sea,0.0
BB,BRB,Barbados,[],Bridgetown,[],NA,[],431.0,286641,BBD,Dollar,en-BB,[],[],[],4529050000.0,15800.426317240031,False,True,[],"['Black', 'Blue', 'Yellow/Gold']",[],Mount Hillaby,336.0,North Atlantic Ocean,0.0
BD,BGD,Bangladesh,[],Dhaka,[],AS,[],144000.0,161356039,BDT,Taka,"bn-BD,en",[],"['MM', 'IN']",[],221415162445.64798,1372.2149094503243,False,False,[],"['Green', 'Red']",[],Saka Haphong,1063.0,Bay of Bengal,0.0
BE,BEL,Belgium,[],Brussels,[],EU,[],30510.0,11422068,EUR,Euro,"nl-BE,fr-BE,de-BE",[],"['DE', 'NL', 'LU', 'FR']",[],467955709817.539,40969.438267881,False,False,[],"['Black', 'Red', 'Yellow/Gold']",[],Signal de Botrange,694.0,De Moeren,-4.0
BF,BFA,Burkina Faso,[],Ouagadougou,[],AF,[],274200.0,19751535,XOF,Franc,"fr-BF,mos",[],"['NE', 'BJ', 'GH', 'CI', 'TG', 'ML']",[],11693235542.0671,592.0165466667326,True,False,[],"['Green', 'Red', 'Yellow/Gold']",[],Mount Tenakourou,749.0,Black Volta,200.0
BG,BGR,Bulgaria,[],Sofia,[],EU,[],110910.0,7000039,BGN,Lev,"bg,tr-BG,rom",[],"['MK', 'GR', 'RO', 'TR', 'RS']",[],53237882472.7108,7605.369409043406,False,False,[],"['Green', 'Red', 'White']",[],Musala,2925.0,Black Sea,0.0
BH,BHR,Bahrain,[],Manama,[],AS,[],665.0,1569439,BHD,Dinar,"ar-BH,en,fa,ur",[],[],[],32179069148.9362,20503.548815172937,False,True,[],"['Red', 'White']",[],Mountain of Smoke,122.0,Persian Gulf,0.0
BI,BDI,Burundi,[],Gitega,['Bujumbura'],AF,[],27830.0,11175378,BIF,Franc,"fr-BI,rn",[],"['TZ', 'CD', 'RW']",[],3007029030.4000998,269.0762702076028,True,False,[],"['Green', 'Red', 'White']",[],Mount Heha,2684.0,Lake Tanganyika,772.0
BJ,BEN,Benin,[],Porto-Novo,[],AF,[],112620.0,11485048,XOF,Franc,fr-BJ,[],"['NE', 'TG', 'BF', 'NG']",[],8583031398.21675,747.3222052025163,False,False,[],"['Green', 'Red', 'Yellow/Gold']",[],Mont Sokbaro,658.0,Bight of Benin,0.0
BN,BRN,Brunei,[],Bandar Seri Begawan,[],AS,[],5770.0,428962,BND,Dollar,"ms-BN,en-BN",[],['MY'],[],11400653731.9916,26577.30459106308,False,True,[],"['Black', 'Red', 'White', 'Yellow/Gold']",[],Bukit Pagon,1850.0,South China Sea,0.0
BO,BOL,Bolivia,[],La Paz,['Sucre'],SA,[],1098580.0,11353142,BOB,Boliviano,"es-BO,qu,ay",[],"['PE', 'CL', 'PY', 'BR', 'AR']",[],33806395513.7482,2977.7127348313093,True,False,[],"['Green', 'Red', 'Yellow/Gold']",[],Sajama,6542.0,Paraguay River,90.0
BR,BRA,Brazil,[],Brasilia,[],SA,[],8511965.0,209469333,BRL,Real,"pt-BR,es,en,fr",[],"['SR', 'PE', 'BO', 'UY', 'GY', 'PY', 'VE', 'CO', 'AR']",['FR'],1796186586414.45,8574.938205462515,False,False,[],"['Blue', 'Green', 'White', 'Yellow/Gold']",[],Pico da Neblina,2995.0,Atlantic Ocean,0.0
BS,BHS,Bahamas,[],Nassau,[],NA,[],13940.0,385640,BSD,Dollar,en-BS,[],[],[],11261800000.0,29202.88351830723,False,True,[],"['Black', 'Blue', 'Yellow/Gold']",[],Mount Alvernia on Cat Island,63.0,North Atlantic Ocean,0.0
BT,BTN,Bhutan,[],Thimphu,[],AS,[],47000.0,754394,BTN,Ngultrum,dz,[],"['CN', 'IN']",[],2212638830.3943896,2933.0016283194054,True,False,[],"['Orange', 'White', 'Yellow/Gold']",[],Gangkhar Puensum,7570.0,Drangme Chhu,97.0
BW,BWA,Botswana,[],Gaborone,[],AF,[],600370.0,2254126,BWP,Pula,"en-BW,tn-BW",[],"['ZW', 'ZA', 'NA']",[],15581137273.772799,6912.2743244045805,True,False,[],"['Black', 'Blue', 'White']",[],Otse Hill,1491.0,Confluence of Limpopo River and Shashe River,513.0
BY,BLR,Belarus,[],Minsk,[],EU,[],207600.0,9485386,BYN,Belarusian ruble,"be,ru",[],"['PL', 'LT', 'UA', 'RU', 'LV']",[],47407217531.162,4997.921806362124,True,False,[],"['Green', 'Red', 'White']",[],Dzyarzhynskaya Hara,346.0,Neman,90.0
BZ,BLZ,Belize,[],Belmopan,[],NA,[],22966.0,383071,BZD,Dollar,"en-BZ,es",[],"['GT', 'MX']",[],1741100000.0,4545.110436446507,False,False,[],"['Blue', 'Red', 'White']",['Green'],Doyle's Delight,1124.0,Caribbean Sea,0.0
CA,CAN,Canada,[],Ottawa,[],NA,[],9984670.0,37058856,CAD,Dollar,"en-CA,fr-CA,iu",[],['US'],['DK'],1529760492201.35,41279.2152084066,False,False,[],"['Red', 'White']",[],Mount Logan,5959.0,North Atlantic Ocean,0.0
CD,COD,Democratic Republic of the Congo,[],Kinshasa,[],AF,[],2345410.0,84068091,CDF,Franc,"fr-CD,ln,ktu,kg,sw,lua",[],"['TZ', 'CF', 'SS', 'RW', 'ZM', 'BI', 'UG', 'CG', 'AO']",[],31930856401.916298,379.82135697498234,False,False,[],"['Blue', 'Red', 'Yellow/Gold']",[],Mount Stanley (Margherita Peak),5109.0,South Atlantic Ocean,0.0
CF,CAF,Central African Republic,[],Bangui,[],AF,[],622984.0,4666377,XAF,Franc,"fr-CF,sg,ln,kg",[],"['TD', 'SD', 'CD', 'SS', 'CM', 'CG']",[],1756124677.1967099,376.335790528007,True,False,[],"['Blue', 'Green', 'Red', 'White', 'Yellow/Gold']",[],Mont Ngaoui,1420.0,Ubangi River,335.0
CG,COG,Republic of the Congo,[],Brazzaville,[],AF,[],342000.0,5244363,XAF,Franc,"fr-CG,kg,ln-CG",[],"['CF', 'GA', 'CD', 'CM', 'AO']",[],7833508878.966599,1493.7007371470281,False,False,[],"['Green', 'Red', 'Yellow/Gold']",[],Mont Nabemba,1020.0,South Atlantic Ocean,0.0
CH,CHE,Switzerland,[],Bern,[],EU,[],41290.0,8516543,CHF,Franc,"de-CH,fr-CH,it-CH,rm",[],"['DE', 'IT', 'LI', 'FR', 'AT']",[],668851296244.236,78535.53915529294,True,False,[],"['Red', 'White']",[],Dufourspitze,4634.0,Lake Maggiore,193.0
CI,CIV,Ivory Coast,"[""Côte d'Ivoire""]",Yamoussoukro,['Abidjan'],AF,[],322460.0,25069229,XOF,Franc,fr-CI,[],"['LR', 'GH', 'GN', 'BF', 'ML']",[],36372613022.942,1450.886783272912,False,False,[],"['Green', 'Orange', 'White']",[],Mont Nimba,1752.0,Gulf of Guinea,0.0
CL,CHL,Chile,[],Santiago,['Santiago de Chile'],SA,[],756950.0,18729160,CLP,Peso,es-CL,[],"['PE', 'BO', 'AR']",[],247027912574.35,13189.481673195702,False,False,[],"['Blue', 'Red', 'White']",[],Ojos del Salado,6893.0,South Pacific Ocean,0.0
CM,CMR,Cameroon,[],Yaounde,[],AF,[],475440.0,25216237,XAF,Franc,"en-CM,fr-CM",[],"['TD', 'CF', 'GA', 'GQ', 'CG', 'NG']",[],32217497470.489,1277.64890021017,False,False,[],"['Green', 'Red', 'Yellow/Gold']",[],Mount Cameroon,4040.0,Bight of Bonny,0.0
CN,CHN,China,[],Beijing,[],AS,[],9596960.0,1411778724,CNY,Yuan Renminbi,"zh-CN,yue,wuu,dta,ug,za","['HK', 'MO']","['LA', 'BT', 'TJ', 'KZ', 'MN', 'AF', 'NP', 'MM', 'KG', 'PK', 'KP', 'RU', 'VN', 'IN']",[],11199145157649.2,7932.649052762747,False,False,[],"['Red', 'Yellow/Gold']",[],Mount Everest,8848.0,Ayding Lake,-154.0
CO,COL,Colombia,[],Bogota,[],SA,[],1138910.0,49648685,COP,Peso,es-CO,[],"['EC', 'PE', 'PA', 'BR', 'VE']",[],282462551366.878,5689.22523057515,False,False,[],"['Blue', 'Red', 'Yellow/Gold']",[],Pico Cristóbal Colón,5700.0,North Pacific Ocean,0.0
CR,CRI,Costa Rica,[],San Jose,[],NA,[],51100.0,4999441,CRC,Colon,"es-CR,en",[],"['PA', 'NI']",[],57435507212.256,11488.385843988557,False,False,[],"['Blue', 'Red', 'White']",[],Cerro Chirripó,3820.0,North Pacific Ocean,0.0
CU,CUB,Cuba,[],Havana,[],NA,[],110860.0,11338138,CUP,Peso,"es-CU,pap",[],[],[],87132800000.0,7684.930276911429,False,True,[],"['Blue', 'Red', 'White']",[],Pico Turquino,1974.0,Caribbean Sea,0.0
CV,CPV,Cabo Verde,['Cape Verde'],Praia,[],AF,[],4033.0,543767,CVE,Escudo,pt-CV,[],[],[],1617467435.7700698,2974.559757708853,False,True,[],"['Blue', 'Red', 'White', 'Yellow/Gold']",[],Pico do Fogo,2829.0,North Atlantic Ocean,0.0
CY,CYP,Cyprus,[],Nicosia,[],EU,[],9250.0,1189265,EUR,Euro,"el-CY,tr-CY,en",[],[],[],20047013274.3363,16856.641097094674,False,True,[],"['Green', 'White', 'Yellow/Gold']",[],Mount Olympus,1951.0,Mediterranean Sea,0.0
CZ,CZE,Czech Republic,['Czechia'],Prague,[],EU,[],78866.0,10625695,CZK,Koruna,"cs,sk",[],"['PL', 'DE', 'SK', 'AT']",[],195305084919.138,18380.452753362297,True,False,[],"['Blue', 'Red', 'White']",[],Sněžka,1603.0,Elbe,115.0
DE,DEU,Germany,[],Berlin,[],EU,[],357021.0,82927922,EUR,Euro,de,[],"['CH', 'PL', 'NL', 'DK', 'BE', 'CZ', 'LU', 'FR', 'AT']",[],3477796274496.8,41937.57893145809,False,False,[],"['Black', 'Red', 'Yellow/Gold']",[],Zugspitze,2962.0,Neuendorf-Sachsenbande,-4.0
DJ,DJI,Djibouti,[],Djibouti,[],AF,[],23000.0,958920,DJF,Franc,"fr-DJ,ar,so-DJ,aa",[],"['ER', 'ET', 'SO']",[],1727000000.0,1800.9844408292663,False,False,[],"['Blue', 'Green', 'Red', 'White']",[],Mousa Ali,2028.0,Lake Assal,-155.0
DK,DNK,Denmark,[],Copenhagen,[],EU,[],43094.0,5797446,DKK,Krone,"da-DK,en,fo,de-DK","['FO', 'GL']",['DE'],['CA'],306899653409.601,52937.04389995198,False,False,[],"['Red', 'White']",[],Møllehøj,171.0,Lammefjord,-7.0
DM,DMA,Dominica,[],Roseau,[],NA,[],754.0,71625,XCD,Dollar,en-DM,[],[],[],581484031.8518519,8118.450706483099,False,True,[],"['Black', 'Green', 'Red', 'White', 'Yellow/Gold']",[],Morne Diablotins,1447.0,Caribbean Sea,0.0
DO,DOM,Dominican Republic,[],Santo Domingo,[],NA,[],48730.0,10627165,DOP,Peso,es-DO,[],['HT'],[],71583553487.5646,6735.903083048453,False,True,[],"['Blue', 'Red', 'White']",[],Pico Duarte,3098.0,Lake Enriquillo on Hispaniola,-45.0
DZ,DZA,Algeria,[],Algiers,[],AF,[],2381740.0,42228429,DZD,Dinar,ar-DZ,[],"['NE', 'LY', 'MR', 'TN', 'MA', 'ML']",[],159049096745.249,3766.398620826008,False,False,[],"['Green', 'Red', 'White']",[],Mount Tahat,3003.0,Chott Melrhir,-40.0
EC,ECU,Ecuador,[],Quito,[],SA,[],283560.0,17084357,USD,Dollar,es-EC,[],"['PE', 'CO']",[],98613972000.0,5772.179309996858,False,False,[],"['Blue', 'Red', 'Yellow/Gold']",['Black'],Chimborazo,6267.0,Pacific Ocean,0.0
EE,EST,Estonia,[],Tallinn,[],EU,[],45226.0,1320884,EUR,Euro,"et,ru",[],"['RU', 'LV']",[],23337907618.5174,17668.400570010235,False,False,[],"['Black', 'Blue', 'White']",[],Suur Munamägi,318.0,Baltic Sea,0.0
EG,EGY,Egypt,[],Cairo,[],AF,['AS'],1001450.0,98423595,EGP,Pound,"ar-EG,en,fr",[],"['LY', 'SD', 'IL', 'PS']",[],332791045963.807,3381.2120555422407,False,False,[],"['Black', 'Red', 'White', 'Yellow/Gold']",[],Mount Catherine,2629.0,Qattara Depression,-133.0
ER,ERI,Eritrea,[],Asmara,[],AF,[],121320.0,6209262,ERN,Nakfa,"aa-ER,ar,tig,kun,ti-ER",[],"['ET', 'SD', 'DJ']",[],2607739837.39837,419.9758099108026,False,False,[],"['Blue', 'Green', 'Red', 'Yellow/Gold']",[],Emba Soira,3018.0,Lake Kulul,-75.0
ES,ESP,Spain,[],Madrid,[],EU,[],504782.0,46723749,EUR,Euro,"es-ES,ca,gl,eu,oc",[],"['AD', 'FR', 'PT']","['GB', 'MA']",1237255019653.86,26480.217151535937,False,False,[],"['Red', 'Yellow/Gold']",[],Teide on Tenerife,3715.0,North Atlantic Ocean,0.0
ET,ETH,Ethiopia,[],Addis Ababa,[],AF,[],1127127.0,109224559,ETB,Birr,"am,en-ET,om-ET,ti-ET,so-ET,sid",[],"['ER', 'KE', 'SD', 'SS', 'SO', 'DJ']",[],72374224249.3997,662.6185988940427,True,False,[],"['Blue', 'Green', 'Red', 'Yellow/Gold']",[],Ras Dejen,4550.0,Danakil Depression,-125.0
FI,FIN,Finland,[],Helsinki,[],EU,[],337030.0,5518050,EUR,Euro,"fi-FI,sv-FI,smn",['AX'],"['NO', 'RU', 'SE']",[],238502900311.9,43222.31591085619,False,False,[],"['Blue', 'Red', 'White']",['Yellow/Gold'],Halti,1324.0,Baltic Sea,0.0
FJ,FJI,Fiji,[],Suva,[],OC,[],18270.0,883483,FJD,Dollar,"en-FJ,fj",[],[],[],4703632978.46947,5323.965462232403,False,True,[],"['Blue', 'Red', 'White', 'Yellow/Gold']",[],Tomanivi on Viti Levu,1324.0,South Pacific Ocean,0.0
FM,FSM,Micronesia,[],Palikir,[],OC,[],702.0,112640,USD,Dollar,"en-FM,chk,pon,yap,kos,uli,woe,nkr,kpg",[],[],[],329895600.0,2928.760653409091,False,True,[],"['Blue', 'White']",[],Nanlaud on Pohnpei,782.0,North Pacific Ocean,0.0
FR,FRA,France,[],Paris,[],EU,[],547030.0,66987244,EUR,Euro,"fr-FR,frp,br,co,ca,eu,oc","['BL', 'GF', 'GP', 'MF', 'MQ', 'NC', 'PF', 'PM', 'RE', 'TF', 'WF', 'YT']","['CH', 'DE', 'BE', 'LU', 'IT', 'AD', 'MC', 'ES']","['SR', 'BR', 'NL']",2465453975282.24,36804.82772633906,False,False,[],"['Blue', 'Red', 'White']",[],Mont Blanc,4810.0,Étang de Lavalduc,-10.0
GA,GAB,Gabon,[],Libreville,[],AF,[],267667.0,2119275,XAF,Franc,fr-GA,[],"['CM', 'GQ', 'CG']",[],14213558130.1817,6706.802151764967,False,False,[],"['Blue', 'Green', 'Yellow/Gold']",[],Mont Bengoué,1070.0,Atlantic Ocean,0.0
GB,GBR,United Kingdom,[],London,[],EU,[],244820.0,66488991,GBP,Pound,"en-GB,cy-GB,gd","['AI', 'BM', 'FK', 'GG', 'GI', 'GS', 'IM', 'IO', 'JE', 'KY', 'MS', 'PN', 'SH', 'TC', 'VG']",['IE'],['ES'],2647898654635.24,39824.61780229512,False,True,[],"['Blue', 'Red', 'White']",[],Ben Nevis,1345.0,Holme Fen,-4.0
GD,GRD,Grenada,[],St. George's,[],NA,[],344.0,111454,XCD,Dollar,en-GD,[],[],[],1056188592.59259,9476.452999377232,False,True,[],"['Green', 'Red', 'Yellow/Gold']",[],Mount Saint Catherine,840.0,Caribbean Sea,0.0
GE,GEO,Georgia,[],Tbilisi,[],AS,['EU'],69700.0,3731000,GEL,Lari,"ka,ru,hy,az",[],"['AM', 'AZ', 'TR', 'RU']",[],14378016729.1587,3853.66302041241,False,False,[],"['Red', 'White']",[],Shkhara,5201.0,Black Sea,0.0
GH,GHA,Ghana,[],Accra,[],AF,[],239460.0,29767108,GHS,Cedi,"en-GH,ak,ee,tw",[],"['CI', 'TG', 'BF']",[],42689783733.873,1434.1260069292925,False,False,[],"['Black', 'Green', 'Red', 'Yellow/Gold']",[],Mount Afadjato,880.0,Gulf of Guinea,0.0
GM,GMB,Gambia,[],Banjul,[],AF,[],11300.0,2280102,GMD,Dalasi,"en-GM,mnk,wof,wo,ff",[],['SN'],[],964599178.129102,423.05088900808033,False,False,[],"['Blue', 'Green', 'Red', 'White']",[],Unnamed point,64.0,North Atlantic Ocean,0.0
GN,GIN,Guinea,[],Conakry,[],AF,[],245857.0,12414318,GNF,Franc,fr-GN,[],"['LR', 'SN', 'SL', 'CI', 'GW', 'ML']",[],8200248003.022059,660.5476034222789,False,False,[],"['Green', 'Red', 'Yellow/Gold']",[],Mont Nimba,1752.0,North Atlantic Ocean,0.0
GQ,GNQ,Equatorial Guinea,[],Malabo,[],AF,[],28051.0,1308974,XAF,Franc,"es-GQ,fr,pt",[],"['GA', 'CM']",[],10684804794.0361,8162.73263948413,False,False,[],"['Blue', 'Green', 'Red', 'White']",[],Pico Basile on Bioko,3008.0,North Atlantic Ocean,0.0
GR,GRC,Greece,[],Athens,[],EU,[],131940.0,10727668,EUR,Euro,"el-GR,en,fr",[],"['AL', 'MK', 'TR', 'BG']",[],192690813126.86,17962.041063058623,False,False,[],"['Blue', 'White']",[],Mount Olympus,2917.0,Epitalio,-6.0
GT,GTM,Guatemala,[],Guatemala City,[],NA,[],108890.0,17247807,GTQ,Quetzal,es-GT,[],"['MX', 'HN', 'BZ', 'SV']",[],68763255963.8943,3986.782549450739,False,False,[],"['Blue', 'White']",['Green'],Volcán Tajumulco,4220.0,North Pacific Ocean,0.0
GW,GNB,Guinea-Bissau,[],Bissau,[],AF,[],36120.0,1874309,XOF,Franc,"pt-GW,pov",[],"['SN', 'GN']",[],1164944509.94419,621.5327941893199,False,False,[],"['Black', 'Green', 'Red', 'Yellow/Gold']",[],Monte Torin,262.0,North Atlantic Ocean,0.0
GY,GUY,Guyana,[],Georgetown,[],SA,[],214970.0,779004,GYD,Dollar,en-GY,[],"['SR', 'BR', 'VE']",[],3502397094.4309897,4495.993723306928,False,False,[],"['Black', 'Green', 'Red', 'White', 'Yellow/Gold']",[],Mount Roraima,2772.0,North Atlantic Ocean,0.0
HN,HND,Honduras,[],Tegucigalpa,[],NA,[],112090.0,9587522,HNL,Lempira,"es-HN,cab,miq",[],"['GT', 'NI', 'SV']",[],21516938909.568604,2244.2648798687087,False,False,[],"['Blue', 'White']",[],Cerro Las Minas,2870.0,Caribbean Sea,0.0
HR,HRV,Croatia,[],Zagreb,[],EU,[],56542.0,4089400,HRK,Kuna,"hr-HR,sr",[],"['HU', 'SI', 'BA', 'ME', 'RS']",[],50714957390.5378,12401.564383659657,False,False,[],"['Blue', 'Red', 'White']",[],Dinara,1831.0,Adriatic Sea,0.0
HT,HTI,Haiti,[],Port-au-Prince,[],NA,[],27750.0,11123176,HTG,Gourde,"ht,fr-HT",[],['DO'],[],8022638721.920131,721.2543181839549,False,True,[],"['Blue', 'Red', 'White']",['Green'],Pic la Selle,2680.0,Caribbean Sea,0.0
HU,HUN,Hungary,[],Budapest,[],EU,[],93030.0,9768785,HUF,Forint,hu-HU,[],"['SK', 'SI', 'RO', 'UA', 'HR', 'AT', 'RS']",[],125816640420.569,12879.456393048777,True,False,[],"['Green', 'Red', 'White']",[],Kékes,1014.0,Tisza,76.0
ID,IDN,Indonesia,[],Jakarta,[],AS,[],1919440.0,267663435,IDR,Rupiah,"id,en,nl,jv",[],"['PG', 'TL', 'MY']",[],932259177765.307,3482.953051713272,False,True,[],"['Red', 'White']",[],Puncak Jaya on New Guinea,4884.0,Indian Ocean,0.0
IE,IRL,Ireland,[],Dublin,[],EU,[],70280.0,4853506,EUR,Euro,"en-IE,ga-IE",[],['GB'],[],304819020500.641,62803.88249249944,False,True,[],"['Green', 'Orange', 'White']",[],Carrauntoohil,1038.0,North Slob,-3.0
IL,ISR,Israel,[],Jerusalem,[],AS,[],20770.0,8883800,ILS,Shekel,"he,ar-IL,en-IL,",[],"['SY', 'JO', 'LB', 'EG', 'PS']",[],317744784695.10004,35766.76475101871,False,False,[],"['Blue', 'White']",[],Mount Meron (de jure; inside the Green Line),1208.0,Dead Sea,-428.0
IN,IND,India,[],New Delhi,[],AS,[],3287590.0,1352617328,INR,Rupee,"en-IN,hi,bn,te,mr,ta,ur,gu,kn,ml,or,pa,as,bh,sat,ks,ne,sd,kok,doi,mni,sit,sa,fr,lus,inc",[],"['CN', 'NP', 'MM', 'BT', 'PK', 'BD']",[],2263792499341.01,1673.6385468965468,False,False,[],"['Blue', 'Green', 'Orange', 'White']",[],Kangchenjunga,8586.0,Kuttanad,-2.0
IQ,IRQ,Iraq,[],Baghdad,[],AS,[],437072.0,38433600,IQD,Dinar,"ar-IQ,ku,hy",[],"['SY', 'SA', 'IR', 'JO', 'TR', 'KW']",[],171489001692.047,4461.9552082565,False,False,[],"['Black', 'Green', 'Red', 'White']",[],Cheekha Dar,3611.0,Persian Gulf,0.0
IR,IRN,Iran,[],Tehran,[],AS,[],1648000.0,81800269,IRR,Rial,"fa-IR,ku",[],"['TM', 'AF', 'IQ', 'AM', 'PK', 'AZ', 'TR']",[],418976679728.567,5121.947456292191,False,False,[],"['Green', 'Red', 'White']",[],Damavand,5610.0,Caspian Sea,-28.0
IS,ISL,Iceland,[],Reykjavik,[],EU,[],103000.0,353574,ISK,Krona,"is,en,de,da,sv,no",[],[],[],20047413006.3471,56699.34159849734,False,True,[],"['Blue', 'Red', 'White']",[],Hvannadalshnúkur,2110.0,North Atlantic Ocean,0.0
IT,ITA,Italy,[],Rome,[],EU,[],301230.0,60431283,EUR,Euro,"it-IT,de-IT,fr-IT,sc,ca,co,sl",[],"['CH', 'VA', 'SI', 'SM', 'FR', 'AT']",[],1858913163927.72,30760.776069038944,False,False,[],"['Green', 'Red', 'White']",[],Mont Blanc,4810.0,Jolanda di Savoia,-3.0
JM,JAM,Jamaica,[],Kingston,[],NA,[],10991.0,2934855,JMD,Dollar,en-JM,[],[],[],14056908749.350502,4789.643355242593,False,True,[],"['Black', 'Green', 'Yellow/Gold']",[],Blue Mountain Peak,2256.0,Caribbean Sea,0.0
JO,JOR,Jordan,[],Amman,[],AS,[],92300.0,9956011,JOD,Dinar,"ar-JO,en",[],"['SY', 'SA', 'IQ', 'IL', 'PS']",[],38654727746.4789,3882.5517314594067,False,False,[],"['Black', 'Green', 'Red', 'White']",[],Jabal Umm ad Dami,1854.0,Dead Sea,-428.0
JP,JPN,Japan,[],Tokyo,[],AS,[],377835.0,126529100,JPY,Yen,ja,[],[],[],4940158776617.16,39043.65696600355,False,True,[],"['Red', 'White']",[],Mount Fuji on Honshu,3776.0,Hachiro-gata on Honshu,-4.0
KE,KEN,Kenya,[],Nairobi,[],AF,[],582650.0,51393010,KES,Shilling,"en-KE,sw-KE",[],"['ET', 'TZ', 'SS', 'SO', 'UG']",[],70529014778.3251,1372.3464490273113,False,False,[],"['Black', 'Green', 'Red', 'White']",[],Mount Kenya,5199.0,Indian Ocean,0.0
KG,KGZ,Kyrgyzstan,[],Bishkek,[],AS,[],198500.0,6315800,KGS,Som,"ky,uz,ru",[],"['CN', 'TJ', 'UZ', 'KZ']",[],6551287937.626319,1037.2855279816206,True,False,[],"['Red', 'Yellow/Gold']",[],Jengish Chokusu,7439.0,Kara Darya,435.0
KH,KHM,Cambodia,[],Phnom Penh,[],AS,[],181040.0,16249798,KHR,Riels,"km,fr,en",[],"['LA', 'TH', 'VN']",[],20016747754.0192,1231.8151741959623,False,False,[],"['Blue', 'Red', 'White']",[],Phnom Aural,1810.0,Gulf of Thailand,0.0
KI,KIR,Kiribati,[],Tarawa,[],OC,[],811.0,115847,AUD,Dollar,"en-KI,gil",[],[],[],181551484.895269,1567.1660456918953,False,True,[],"['Blue', 'Red', 'White', 'Yellow/Gold']",[],Unnamed location on Banaba,81.0,Pacific Ocean,0.0
KM,COM,Comoros,[],Moroni,[],AF,[],2170.0,832322,KMF,Franc,"ar,fr-KM",[],[],[],616654490.413179,740.8845259565156,False,True,[],"['Blue', 'Green', 'Red', 'White', 'Yellow/Gold']",[],Mount Karthala on Grande Comore,2360.0,Indian Ocean,0.0
KN,KNA,Saint Kitts and Nevis,[],Basseterre,[],NA,[],261.0,52441,XCD,Dollar,en-KN,[],[],[],909854619.5185189,17350.06234660893,False,True,[],"['Black', 'Green', 'Red', 'White', 'Yellow/Gold']",[],Mount Liamuiga on Saint Kitts,1156.0,Caribbean Sea,0.0
KP,PRK,North Korea,[],Pyongyang,[],AS,[],120540.0,25549819,KPW,Won,ko-KP,[],"['CN', 'KR', 'RU']",[],28500000000.000004,1115.4677847228586,False,False,[],"['Blue', 'Red', 'White']",[],Paektu-san,2744.0,Sea of Japan,0.0
KR,KOR,South Korea,[],Seoul,[],AS,[],98480.0,51635256,KRW,Won,"ko-KR,en",[],['KP'],[],1411245589976.63,27331.04663946335,False,False,[],"['Black', 'Blue', 'Red', 'White']",[],Halla-san on Jejudo,1950.0,Sea of Japan,0.0
XK,XKX,Kosovo,[],Pristina,[],EU,[],10908.0,1845300,EUR,Euro,"sq,sr",[],"['RS', 'AL', 'MK', 'ME']",[],6649888888.88889,3603.6898547059504,True,False,[],"['Blue', 'White', 'Yellow/Gold']",[],Velika Rudoka,2660.0,White Drin,297.0
KW,KWT,Kuwait,[],Kuwait City,[],AS,[],17820.0,4137309,KWD,Dinar,"ar-KW,en",[],"['SA', 'IQ']",[],110875579086.69801,26798.960166305686,False,False,[],"['Black', 'Green', 'Red', 'White']",[],Mutla Ridge,306.0,Persian Gulf,0.0
KZ,KAZ,Kazakhstan,[],Astana,['Nur-Sultan'],AS,[],2717300.0,18276499,KZT,Tenge,"kk,ru",[],"['TM', 'CN', 'KG', 'UZ', 'RU']",[],137278320084.17099,7511.193477709871,True,False,[],"['Blue', 'Yellow/Gold']",[],Khan Tengri,7010.0,Karagiye Depression,-132.0
LA,LAO,Laos,[],Vientiane,[],AS,[],236800.0,7061507,LAK,Kip,"lo,fr,en",[],"['CN', 'MM', 'KH', 'TH', 'VN']",[],15903329472.9904,2252.1155148597036,True,False,[],"['Blue', 'Red', 'White']",[],Phou Bia,2817.0,Mekong,70.0
LB,LBN,Lebanon,[],Beirut,[],AS,[],10400.0,6848925,LBP,Pound,"ar-LB,fr-LB,en,hy",[],"['SY', 'IL']",[],49598825982.1559,7241.841016240636,False,False,[],"['Green', 'Red', 'White']",[],Qurnat as Sawda',3088.0,Mediterranean Sea,0.0
LC,LCA,Saint Lucia,[],Castries,[],NA,[],616.0,181889,XCD,Dollar,en-LC,[],[],[],1667078703.7037,9165.362961496847,False,True,[],"['Black', 'Blue', 'White', 'Yellow/Gold']",[],Mount Gimie,950.0,Caribbean Sea,0.0
LI,LIE,Liechtenstein,[],Vaduz,[],EU,[],160.0,37910,CHF,Franc,de-LI,[],"['CH', 'AT']",[],6289165409.55908,165897.26746396942,True,False,[],"['Blue', 'Red', 'Yellow/Gold']",[],Grauspitz,2599.0,Rhine,430.0
LK,LKA,Sri Lanka,[],Colombo,['Sri Jayawardenepura Kotte'],AS,[],65610.0,21670000,LKR,Rupee,"si,ta,en",[],[],[],81321876307.2556,3752.7400234081956,False,True,[],"['Green', 'Orange', 'Red', 'Yellow/Gold']",[],Pidurutalagala on Sri Lanka,2524.0,Indian Ocean,0.0
LR,LBR,Liberia,[],Monrovia,[],AF,[],111370.0,4818977,LRD,Dollar,en-LR,[],"['SL', 'CI', 'GN']",[],2101000000.0,435.98464985410806,False,False,[],"['Blue', 'Red', 'White']",[],Mount Wuteve,1440.0,North Atlantic Ocean,0.0
LS,LSO,Lesotho,[],Maseru,[],AF,[],30355.0,2108132,LSL,Loti,"en-LS,st,zu,xh",[],['ZA'],[],2291321667.48246,1086.8966779511245,True,False,[],"['Black', 'Blue', 'Green', 'White']",[],Thabana Ntlenyana,3482.0,Confluence of Orange River and Makhaleng River,1400.0
LT,LTU,Lithuania,[],Vilnius,[],EU,[],65200.0,2789533,EUR,Euro,"lt,ru,pl",[],"['PL', 'BY', 'RU', 'LV']",[],42738875963.3703,15321.158044507916,False,False,[],"['Green', 'Red', 'Yellow/Gold']",[],Aukštojas Hill,294.0,Nemunas Delta,-5.0
LU,LUX,Luxembourg,[],Luxembourg,[],EU,[],2586.0,607728,EUR,Euro,"lb,de-LU,fr-LU",[],"['DE', 'BE', 'FR']",[],58631324559.44841,96476.26003647751,True,False,[],"['Blue', 'Red', 'White']",[],Kneiff,560.0,Moselle River,133.0
LV,LVA,Latvia,[],Riga,[],EU,[],64589.0,1926542,EUR,Euro,"lv,ru,lt",[],"['LT', 'EE', 'BY', 'RU']",[],27572698481.8766,14312.015249019538,False,False,[],"['Red', 'White']",[],Gaiziņkalns,312.0,Baltic Sea,0.0
LY,LBY,Libya,[],Tripoli,[],AF,[],1759540.0,6678567,LYD,Dinar,"ar-LY,it,en",[],"['TD', 'NE', 'DZ', 'SD', 'TN', 'EG']",[],34699395523.6073,5195.6348605333,False,False,[],"['Black', 'Green', 'Red', 'White']",[],Bikku Bitti,2267.0,Sabkhat Ghuzayyil,-47.0
MA,MAR,Morocco,[],Rabat,[],AF,[],446550.0,36029138,MAD,Dirham,"ar-MA,ber,fr",[],['DZ'],['ES'],103606321692.582,2875.6258807130494,False,False,[],"['Green', 'Red']",[],Jbel Toubkal,4167.0,Sebkha Tah,-55.0
MC,MCO,Monaco,[],Monaco,[],EU,[],1.95,38682,EUR,Euro,"fr-MC,en,it",[],['FR'],[],6074884388.589371,157046.80183520424,False,False,[],"['Red', 'White']",[],along Chemin des Révoires on Mont Agel,161.0,Mediterranean Sea,0.0
MD,MDA,Moldova,[],Chisinau,[],EU,[],33843.0,3545883,MDL,Leu,"ro,ru,gag,tr",[],"['RO', 'UA']",[],6749515654.64419,1903.4795154392261,True,False,[],"['Blue', 'Red', 'Yellow/Gold']",[],Bălănești Hill,430.0,Dniester,2.0
ME,MNE,Montenegro,[],Podgorica,[],EU,[],14026.0,622345,EUR,Euro,"sr,hu,bs,sq,hr,rom",[],"['AL', 'HR', 'BA', 'RS', 'XK']",[],4374127212.3893795,7028.4604397711555,False,False,[],"['Red', 'Yellow/Gold']","['Blue', 'Green']",Zla Kolata,2534.0,Adriatic Sea,0.0
MG,MDG,Madagascar,[],Antananarivo,[],AF,[],587040.0,26262368,MGA,Ariary,"fr-MG,mg",[],[],[],10001193420.1518,380.81841744627906,False,True,[],"['Green', 'Red', 'White']",[],Maromokotro,2876.0,Indian Ocean,0.0
MH,MHL,Marshall Islands,[],Majuro,[],OC,[],181.3,58413,USD,Dollar,"mh,en-MH",[],[],[],194497900.0,3329.702292297947,False,True,[],"['Blue', 'Orange', 'White']",[],Unnamed location on Likiep,10.0,North Pacific Ocean,0.0
MK,MKD,North Macedonia,['Macedonia'],Skopje,[],EU,[],25333.0,2082958,MKD,Denar,"mk,sq,tr,rmm,sr",[],"['AL', 'GR', 'BG', 'RS', 'XK']",[],10899583154.6499,5232.742645146902,True,False,[],"['Red', 'Yellow/Gold']",[],Golem Korab,2764.0,Vardar,50.0
ML,MLI,Mali,[],Bamako,[],AF,[],1240000.0,19077690,XOF,Franc,"fr-ML,bm",[],"['SN', 'NE', 'DZ', 'CI', 'GN', 'MR', 'BF']",[],14034980333.6615,735.6750389413761,True,False,[],"['Green', 'Red', 'Yellow/Gold']",[],Hombori Tondo,1155.0,Senegal River,23.0
MM,MMR,Myanmar,[],Nay Pyi Taw,[],AS,[],678500.0,53708395,MMK,Kyat,my,[],"['CN', 'LA', 'TH', 'BD', 'IN']",[],63225097051.255,1177.1920767927434,False,False,[],"['Green', 'Red', 'White', 'Yellow/Gold']",[],Hkakabo Razi,5881.0,Indian Ocean,0.0
MN,MNG,Mongolia,[],Ulaanbaatar,[],AS,[],1565000.0,3170208,MNT,Tugrik,"mn,ru",[],"['CN', 'RU']",[],11183458130.8083,3527.6733043410086,True,False,[],"['Blue', 'Red', 'Yellow/Gold']",[],Khüiten Peak,4374.0,Hoh Nuur,518.0
MR,MRT,Mauritania,[],Nouakchott,[],AF,[],1030700.0,4403319,MRU,Ouguiya,"ar-MR,fuc,snk,fr,mey,wo",[],"['SN', 'DZ', 'ML']",[],4739298730.308371,1076.3014740263811,False,False,[],"['Green', 'Red', 'Yellow/Gold']",[],Kediet ej Jill,915.0,Sebkha de Ndrhamcha,-5.0
MT,MLT,Malta,[],Valletta,[],EU,[],316.0,483530,EUR,Euro,"mt,en-MT",[],[],[],10999047580.3881,22747.394330006617,False,True,[],"['Red', 'White']",[],Ta'Dmejrek on Malta Island,253.0,Mediterranean Sea,0.0
MU,MUS,Mauritius,[],Port Louis,[],AF,[],2040.0,1265303,MUR,Rupee,"en-MU,bho,fr",[],[],[],12168437744.2644,9617.014852777873,False,True,[],"['Blue', 'Green', 'Red', 'Yellow/Gold']",[],Piton de la Petite Rivière Noire,828.0,Indian Ocean,0.0
MV,MDV,Maldives,[],Male,[],AS,[],300.0,515696,MVR,Rufiyaa,"dv,en",[],[],[],4224209599.2291703,8191.278581236174,False,True,[],"['Green', 'Red', 'White']",[],Mount Villingili on Villingili,5.0,Indian Ocean,0.0
MW,MWI,Malawi,[],Lilongwe,[],AF,[],118480.0,17563749,MWK,Kwacha,"ny,yao,tum,swk",[],"['TZ', 'MZ', 'ZM']",[],5433038646.51677,309.33251474481733,True,False,[],"['Black', 'Green', 'Red']",[],Mount Mulanje,3002.0,Shire River,37.0
MX,MEX,Mexico,[],Mexico City,[],NA,[],1972550.0,126190788,MXN,Peso,es-MX,[],"['GT', 'US', 'BZ']",[],1046922702460.8699,8296.348085732454,False,False,[],"['Green', 'Red', 'White']",[],Volcán Citlaltépetl (Pico de Orizaba),5636.0,Laguna Salada,-10.0
MY,MYS,Malaysia,[],Kuala Lumpur,['Putrajaya'],AS,[],329750.0,31528585,MYR,Ringgit,"ms-MY,en,zh,ta,te,ml,pa,th",[],"['BN', 'ID', 'TH']",['SG'],296535930381.12,9405.304119456043,False,False,[],"['Blue', 'Red', 'White', 'Yellow/Gold']",[],Gunung Kinabalu on Borneo,4095.0,South China Sea,0.0
MZ,MOZ,Mozambique,[],Maputo,[],AF,[],801590.0,29495962,MZN,Metical,"pt-MZ,vmw",[],"['ZW', 'TZ', 'SZ', 'ZA', 'ZM', 'MW']",[],11014858591.8422,373.4361534586395,False,False,[],"['Black', 'Green', 'Red', 'White', 'Yellow/Gold']",[],Monte Binga,2436.0,Mozambique Channel,0.0
NA,NAM,Namibia,[],Windhoek,[],AF,[],825418.0,2448255,NAD,Dollar,"en-NA,af,de,hz,naq",[],"['ZA', 'BW', 'ZM', 'AO']",[],10947880690.471,4471.707681786007,False,False,[],"['Blue', 'Green', 'Red', 'White', 'Yellow/Gold']",[],Königstein,2573.0,South Atlantic Ocean,0.0
NE,NER,Niger,[],Niamey,[],AF,[],1267000.0,22442948,XOF,Franc,"fr-NE,ha,kr,dje",[],"['TD', 'BJ', 'DZ', 'LY', 'BF', 'NG', 'ML']",[],7528387858.34739,335.44558666479065,True,False,[],"['Green', 'Orange', 'White']",[],Mont Idoukal-n-Taghès,2022.0,Niger River,200.0
NG,NGA,Nigeria,[],Abuja,[],AF,[],923768.0,195874740,NGN,Naira,"en-NG,ha,yo,ig,ff",[],"['TD', 'NE', 'BJ', 'CM']",[],404652720164.859,2065.8749574593385,False,False,[],"['Green', 'White']",[],Chappal Waddi,2419.0,Unnamed location on Lagos Island,0.0
NI,NIC,Nicaragua,[],Managua,[],NA,[],129494.0,6465513,NIO,Cordoba,"es-NI,en",[],"['CR', 'HN']",[],13230844686.858,2046.3719873207276,False,False,[],"['Blue', 'White']",['Yellow/Gold'],Mogotón,2107.0,North Pacific Ocean,0.0
NL,NLD,Netherlands,[],Amsterdam,['The Hague'],EU,[],41526.0,17231017,EUR,Euro,"nl-NL,fy-NL","['AW', 'BQ', 'CW', 'SX']","['DE', 'BE']",['FR'],777227541581.307,45106.30693367124,False,False,[],"['Blue', 'Red', 'White']",[],Mount Scenery on Saba,887.0,"Vergeten Plek, in the Zuidplaspolder near Waddinxveen",-7.0
NO,NOR,Norway,[],Oslo,[],EU,[],324220.0,5314336,NOK,Krone,"no,nb,nn,se,fi","['BV', 'SJ']","['FI', 'RU', 'SE']",[],371076190476.19,69825.50416010391,False,False,[],"['Blue', 'Red', 'White']",[],Galdhøpiggen,2469.0,Norwegian Sea,0.0
NP,NPL,Nepal,[],Kathmandu,[],AS,[],140800.0,28087871,NPR,Rupee,"ne,en",[],"['CN', 'IN']",[],21131983246.1855,752.3526167642076,True,False,[],"['Blue', 'Red', 'White']",[],Mount Everest,8848.0,Mukhiyapatti Musharniya,59.0
NR,NRU,Nauru,[],Yaren,[],OC,[],21.0,12704,AUD,Dollar,"na,en-NR",[],[],[],102060129.577055,8033.700376027629,False,True,[],"['Blue', 'White', 'Yellow/Gold']",[],Command Ridge,65.0,South Pacific Ocean,0.0
NZ,NZL,New Zealand,[],Wellington,[],OC,[],268680.0,4885500,NZD,Dollar,"en-NZ,mi","['CK', 'NU', 'TK']",[],[],184969146624.47,37860.8426209129,False,True,[],"['Blue', 'Red', 'White']",[],Aoraki / Mount Cook in the South Island,3724.0,"Unnamed location near Momona, Taieri Plains, Otago",-2.0
OM,OMN,Oman,[],Muscat,[],AS,[],212460.0,4829483,OMR,Rial,"ar-OM,en,bal,ur",[],"['SA', 'YE', 'AE']",[],66293368010.4031,13726.804299839776,False,False,[],"['Green', 'Red', 'White']",[],Jabal Shams,3009.0,Arabian Sea,0.0
PA,PAN,Panama,[],Panama City,[],NA,['SA'],78200.0,4176873,PAB,Balboa,"es-PA,en",[],"['CR', 'CO']",[],55187700000.0,13212.68326808117,False,False,[],"['Blue', 'Red', 'White']",[],Volcán Barú,3475.0,North Pacific Ocean,0.0
PE,PER,Peru,[],Lima,[],SA,[],1285220.0,31989256,PEN,Sol,"es-PE,qu,ay",[],"['EC', 'CL', 'BO', 'BR', 'CO']",[],192207342004.68103,6008.4967904436735,False,False,[],"['Red', 'White']",[],Huascarán,6768.0,Bayóvar Depression,-34.0
PG,PNG,Papua New Guinea,[],Port Moresby,[],OC,[],462840.0,8606316,PGK,Kina,"en-PG,ho,meu,tpi",[],['ID'],[],20213214171.7204,2348.6488494868654,False,True,[],"['Black', 'Red', 'White', 'Yellow/Gold']",[],Mount Wilhelm,4509.0,South Pacific Ocean,0.0
PH,PHL,Philippines,[],Manila,[],AS,[],300000.0,106651922,PHP,Peso,"tl,en-PH,fil,ceb,ilo,hil,war,pam,bik,bcl,pag,mrw,tsg,mdh,cbk,krj,sgd,msb,akl,ibg,yka,mta,abx",[],[],[],304905406845.291,2858.883376197299,False,True,[],"['Blue', 'Red', 'White', 'Yellow/Gold']",[],Mount Apo on Mindanao,2954.0,Philippine Sea,0.0
PK,PAK,Pakistan,[],Islamabad,[],AS,[],803940.0,212215030,PKR,Rupee,"ur-PK,en-PK,pa,sd,ps,brh",[],"['CN', 'AF', 'IR', 'IN']",[],278913371202.065,1314.296028900804,False,False,[],"['Green', 'White']",[],K2,8611.0,Arabian Sea,0.0
PL,POL,Poland,[],Warsaw,[],EU,[],312685.0,37978548,PLN,Zloty,pl,[],"['DE', 'LT', 'SK', 'CZ', 'BY', 'UA', 'RU']",[],471364408713.95605,12411.333069235718,False,False,[],"['Red', 'White']",[],Northwestern peak of Rysy,2500.0,Marzęcino,-2.0
PS,PSE,Palestine,['Palestinian Territory'],Ramallah,"['Jerusalem', 'East Jerusalem']",AS,[],5970.0,4569087,ILS,Shekel,ar-PS,[],"['JO', 'IL', 'EG']",[],13397100000.0,2932.1175105661155,False,False,[],"['Black', 'Green', 'Red', 'White']",[],Mount Nabi Yunis,1030.0,Dead Sea,-428.0
PT,PRT,Portugal,[],Lisbon,[],EU,[],92391.0,10281762,EUR,Euro,"pt-PT,mwl",[],['ES'],[],204836597909.466,19922.32439434661,False,False,[],"['Green', 'Red']","['Blue', 'White', 'Yellow/Gold']",Montanha do Pico on Pico Island,2351.0,North Atlantic Ocean,0.0
PW,PLW,Palau,[],Ngerulmud,[],OC,[],458.0,17907,USD,Dollar,"pau,sov,en-PW,tox,ja,fil,zh",[],[],[],310248300.0,17325.531914893618,False,True,[],"['Blue', 'Yellow/Gold']",[],Mount Ngerchelchuus on Babeldaob,242.0,North Pacific Ocean,0.0
PY,PRY,Paraguay,[],Asuncion,[],SA,[],406750.0,6956071,PYG,Guarani,"es-PY,gn",[],"['BO', 'BR', 'AR']",[],27424071382.7244,3942.4657084041264,True,False,[],"['Blue', 'Red', 'White']","['Green', 'Yellow/Gold']",Cerro Peró,842.0,Paraguay River,46.0
QA,QAT,Qatar,[],Doha,[],AS,[],11437.0,2781677,QAR,Rial,"ar-QA,es",[],['SA'],[],152451923076.923,54805.76036575167,False,False,[],"['Red', 'White']",[],Qurayn Abu al Bawl,103.0,Persian Gulf,0.0
RO,ROU,Romania,[],Bucharest,[],EU,[],237500.0,19473936,RON,Leu,"ro,hu,rom",[],"['MD', 'HU', 'UA', 'BG', 'RS']",[],187592037839.968,9632.980094007087,False,False,[],"['Blue', 'Red', 'Yellow/Gold']",[],Moldoveanu,2544.0,Black Sea,0.0
RS,SRB,Serbia,[],Belgrade,[],EU,[],88361.0,6982084,RSD,Dinar,"sr,hu,bs,rom",[],"['AL', 'HU', 'MK', 'RO', 'HR', 'BA', 'BG', 'ME', 'XK']",[],38299854688.1277,5485.447423452325,True,False,[],"['Blue', 'Red', 'White']",['Yellow/Gold'],Midžor,2169.0,Confluence of the Timok River and the Danube River,28.0
RU,RUS,Russia,[],Moscow,[],EU,['AS'],17100000.0,144478050,RUB,Ruble,"ru,tt,xal,cau,ady,kv,ce,tyv,cv,udm,tut,mns,bua,myv,mdf,chm,ba,inh,kbd,krc,av,sah,nog",[],"['GE', 'CN', 'BY', 'UA', 'KZ', 'LV', 'PL', 'EE', 'LT', 'FI', 'MN', 'NO', 'AZ', 'KP']",[],1283162985989.3,8881.369772012427,False,False,[],"['Blue', 'Red', 'White']",[],Mount Elbrus,5642.0,Caspian Sea,-28.0
RW,RWA,Rwanda,[],Kigali,[],AF,[],26338.0,12301939,RWF,Franc,"rw,en-RW,fr-RW,sw",[],"['TZ', 'CD', 'BI', 'UG']",[],8376048904.58291,680.8722514867704,True,False,[],"['Blue', 'Green', 'Yellow/Gold']",[],Mount Karisimbi,4507.0,Ruzizi River,950.0
SA,SAU,Saudi Arabia,[],Riyadh,[],AS,[],1960582.0,33699947,SAR,Rial,ar-SA,[],"['QA', 'OM', 'IQ', 'YE', 'JO', 'AE', 'KW']",[],646438380560.0,19182.17795891489,False,False,[],"['Green', 'White']",[],Jabal Sawda,3133.0,Persian Gulf,0.0
SB,SLB,Solomon Islands,[],Honiara,[],OC,[],28450.0,652858,SBD,Dollar,"en-SB,tpi",[],[],[],1202125000.0,1841.32690416599,False,True,[],"['Blue', 'Green', 'White', 'Yellow/Gold']",[],Mount Popomanaseu on Guadalcanal,2335.0,South Pacific Ocean,0.0
SC,SYC,Seychelles,[],Victoria,[],AF,[],455.0,96762,SCR,Rupee,"en-SC,fr-SC",[],[],[],1427323889.0961,14750.87213054815,False,True,[],"['Blue', 'Green', 'Red', 'White', 'Yellow/Gold']",[],Morne Seychellois on Mahé,905.0,Indian Ocean,0.0
SD,SDN,Sudan,[],Khartoum,[],AF,[],1861484.0,41801533,SDG,Pound,"ar-SD,en,fia",[],"['SS', 'TD', 'EG', 'ET', 'ER', 'LY', 'CF']",[],95584380032.2061,2286.6237951657445,False,False,[],"['Black', 'Green', 'Red', 'White']",[],Deriba Caldera,3042.0,Red Sea,0.0
SS,SSD,South Sudan,[],Juba,[],AF,[],644329.0,8260490,SSP,Pound,en,[],"['CD', 'CF', 'ET', 'KE', 'SD', 'UG']",[],9015221096.244741,1091.3663833797682,True,False,[],"['Black', 'Blue', 'Green', 'Red', 'White', 'Yellow/Gold']",[],Kinyeti,3187.0,White Nile,350.0
SE,SWE,Sweden,[],Stockholm,[],EU,[],449964.0,10183175,SEK,Krona,"sv-SE,se,sma,fi-SE",[],"['NO', 'FI']",[],514459972806.171,50520.58643852934,False,False,[],"['Blue', 'Yellow/Gold']",[],Kebnekaise,2097.0,Kristianstad,-2.0
SG,SGP,Singapore,[],Singapore,[],AS,[],692.7,5638676,SGD,Dollar,"cmn,en-SG,ms-SG,ta-SG,zh-SG",[],[],['MY'],296975678610.206,52667.62598351209,False,True,[],"['Red', 'White']",[],Bukit Timah Hill,164.0,Singapore Strait,0.0
SI,SVN,Slovenia,[],Ljubljana,[],EU,[],20273.0,2067372,EUR,Euro,"sl,sh",[],"['HU', 'IT', 'HR', 'AT']",[],44708598648.8562,21625.812214181195,False,False,[],"['Blue', 'Red', 'White']",['Yellow/Gold'],Triglav,2864.0,Adriatic Sea,0.0
SK,SVK,Slovakia,[],Bratislava,[],EU,[],48845.0,5447011,EUR,Euro,"sk,hu",[],"['PL', 'HU', 'CZ', 'UA', 'AT']",[],89768598023.3903,16480.340873809564,True,False,[],"['Blue', 'Red', 'White']",[],Gerlachovský štít,2655.0,Bodrog,94.0
SL,SLE,Sierra Leone,[],Freetown,[],AF,[],71740.0,7650154,SLL,Leone,"en-SL,men,tem",[],"['LR', 'GN']",[],3736588553.56394,488.4331156685133,False,False,[],"['Blue', 'Green', 'White']",[],Mount Bintumani,1948.0,North Atlantic Ocean,0.0
SM,SMR,San Marino,[],San Marino,[],EU,[],61.2,33785,EUR,Euro,it-SM,[],['IT'],[],1590707964.60177,47083.26075482521,True,False,[],"['Blue', 'White']","['Green', 'Yellow/Gold']",Monte Titano,739.0,Ausa River,55.0
SN,SEN,Senegal,[],Dakar,[],AF,[],196190.0,15854360,XOF,Franc,"fr-SN,wo,fuc,mnk",[],"['GN', 'MR', 'GW', 'GM', 'ML']",[],14683697630.9,926.1614868654426,False,False,[],"['Green', 'Red', 'Yellow/Gold']",[],Baunez ridge 2.7 km southeast of Nepen Diakha,648.0,North Atlantic Ocean,0.0
SO,SOM,Somalia,[],Mogadishu,[],AF,[],637657.0,15008154,SOS,Shilling,"so-SO,ar-SO,it,en-SO",[],"['ET', 'KE', 'DJ']",[],6217000000.0,414.24148499542315,False,False,[],"['Blue', 'White']",[],Shimbiris,2450.0,Indian Ocean,0.0
SR,SUR,Suriname,[],Paramaribo,[],SA,[],163270.0,575991,SRD,Dollar,"nl-SR,en,srn,hns,jv",[],"['GY', 'BR']",['FR'],3278425328.32418,5691.7995738200425,False,False,[],"['Green', 'Red', 'White', 'Yellow/Gold']",[],Juliana Top,1230.0,North Atlantic Ocean,0.0
ST,STP,Sao Tome and Principe,[],Sao Tome,[],AF,[],1001.0,197700,STN,Dobra,pt-ST,[],[],[],342781715.52048,1733.8478276200303,False,True,[],"['Black', 'Green', 'Red', 'Yellow/Gold']",[],Pico de São Tomé on São Tomé Island,2024.0,Gulf of Guinea,0.0
SV,SLV,El Salvador,[],San Salvador,[],NA,[],21040.0,6420744,USD,Dollar,es-SV,[],"['GT', 'HN']",[],26797470000.0,4173.577080786899,False,False,[],"['Blue', 'White']",['Yellow/Gold'],Cerro El Pital,2730.0,North Pacific Ocean,0.0
SY,SYR,Syria,[],Damascus,[],AS,[],185180.0,16906283,SYP,Pound,"ar-SY,ku,hy,arc,fr,en",[],"['IQ', 'JO', 'IL', 'TR', 'LB']",[],40405006007.2086,2389.9402374376796,False,False,[],"['Black', 'Green', 'Red', 'White']",[],Jabal el-Sheikh,2814.0,Northeast shores of the Sea of Galilee in the Golan Heights (from Syrian point of view; See Israeli-occupied territories),-214.0
SZ,SWZ,Eswatini,[],Mbabane,['Lobamba'],AF,[],17363.0,1136191,SZL,Lilangeni,"en-SZ,ss-SZ",[],"['ZA', 'MZ']",[],3720649374.5751204,3274.6689373310655,True,False,[],"['Black', 'Blue', 'Red', 'White', 'Yellow/Gold']",[],Emlembe,1862.0,Maputo River,21.0
TD,TCD,Chad,[],N'Djamena,[],AF,[],1284000.0,15477751,XAF,Franc,"fr-TD,ar-TD,sre",[],"['NE', 'LY', 'CF', 'SD', 'CM', 'NG']",[],9600761473.78738,620.2943485644251,True,False,[],"['Blue', 'Red', 'Yellow/Gold']",[],Emi Koussi,3445.0,Djourab Depression,160.0
TG,TGO,Togo,[],Lome,[],AF,[],56785.0,7889094,XOF,Franc,"fr-TG,ee,hna,kbp,dag,ha",[],"['BJ', 'GH', 'BF']",[],4399995986.564771,557.7314691097318,False,False,[],"['Green', 'Red', 'White', 'Yellow/Gold']",[],Mont Agou,986.0,Bight of Benin,0.0
TH,THA,Thailand,[],Bangkok,[],AS,[],514000.0,69428524,THB,Baht,"th,en",[],"['LA', 'MM', 'KH', 'MY']",[],407026127310.43396,5862.520241830778,False,False,[],"['Blue', 'Red', 'White']",[],Doi Inthanon,2565.0,Gulf of Thailand,0.0
TJ,TJK,Tajikistan,[],Dushanbe,[],AS,[],143100.0,9100837,TJS,Somoni,"tg,ru",[],"['CN', 'AF', 'KG', 'UZ']",[],6951657158.900929,763.8481118715706,True,False,[],"['Green', 'Red', 'White', 'Yellow/Gold']",[],Ismoil Somoni Peak,7495.0,Syr Darya,300.0
TL,TLS,Timor Leste,[],Dili,[],AS,['OC'],15007.0,1267972,USD,Dollar,"tet,pt-TL,id,en",[],['ID'],[],1782974000.0,1406.1619657216406,False,True,[],"['Black', 'Red', 'White', 'Yellow/Gold']",[],Mount Ramelau on Timor,2963.0,Timor Sea,0.0
TM,TKM,Turkmenistan,[],Ashgabat,[],AS,[],488100.0,5850908,TMT,Manat,"tk,ru,uz",[],"['AF', 'IR', 'UZ', 'KZ']",[],36179885714.2857,6183.636063716212,True,False,[],"['Green', 'Red', 'White']",['Yellow/Gold'],Aýrybaba,3139.0,Vpadina Akchanaya,-81.0
TN,TUN,Tunisia,[],Tunis,[],AF,[],163610.0,11565204,TND,Dinar,"ar-TN,fr",[],"['DZ', 'LY']",[],42062549394.7859,3636.991564937886,False,False,[],"['Red', 'White']",[],Jebel ech Chambi,1544.0,Shatt al Gharsah,-17.0
TO,TON,Tonga,[],Nuku'alofa,[],OC,[],748.0,103197,TOP,Pa'anga,"to,en-TO",[],[],[],401562006.229967,3891.217828328023,False,True,[],"['Red', 'White']",[],Unnamed location on Kao,1033.0,South Pacific Ocean,0.0
TR,TUR,Türkiye,['Turkey'],Ankara,[],AS,['EU'],780580.0,82319724,TRY,Lira,"tr-TR,ku,diq,az,av",[],"['SY', 'GE', 'IQ', 'IR', 'GR', 'AM', 'AZ', 'BG']",[],863711710426.514,10492.159940022564,False,False,[],"['Red', 'White']",[],Mount Ararat,5137.0,Mediterranean Sea,0.0
TT,TTO,Trinidad and Tobago,[],Port of Spain,[],NA,['SA'],5128.0,1389858,TTD,Dollar,"en-TT,hns,fr,es,zh",[],[],[],21894706041.2353,15753.19639936979,False,True,[],"['Black', 'Red', 'White']",[],El Cerro del Aripo on Trinidad,940.0,Caribbean Sea,0.0
TV,TUV,Tuvalu,[],Funafuti,[],OC,[],26.0,11508,AUD,Dollar,"tvl,en,sm,gil",[],[],[],34218878.4390841,2973.486134783116,False,True,[],"['Blue', 'Red', 'White', 'Yellow/Gold']",[],Unnamed location on Niulakita,5.0,South Pacific Ocean,0.0
TW,TWN,Taiwan,[],Taipei,[],AS,[],35980.0,23451837,TWD,Dollar,"zh-TW,zh,nan,hak",[],[],[],790700000000.0,33715.90890726385,False,True,[],"['Blue', 'Red', 'White']",[],Yu Shan (Jade Mountain),3952.0,Philippine Sea,0.0
TZ,TZA,Tanzania,[],Dodoma,[],AF,[],945087.0,56318348,TZS,Shilling,"sw-TZ,en,ar",[],"['MZ', 'KE', 'CD', 'RW', 'ZM', 'BI', 'UG', 'MW']",[],47340071107.342995,840.5798960463648,False,False,[],"['Black', 'Blue', 'Green', 'Yellow/Gold']",[],Kilimanjaro,5892.0,Indian Ocean,0.0
UA,UKR,Ukraine,[],Kyiv,[],EU,[],603700.0,44622516,UAH,Hryvnia,"uk,ru-UA,rom,pl,hu",[],"['PL', 'MD', 'HU', 'SK', 'BY', 'RO', 'RU']",[],93270479388.5243,2090.21112544448,False,False,[],"['Blue', 'Yellow/Gold']",[],Hoverla,2061.0,Kuyalnik Estuary,-5.0
UG,UGA,Uganda,[],Kampala,[],AF,[],236040.0,42723139,UGX,Shilling,"en-UG,lg,sw,ar",[],"['TZ', 'KE', 'SS', 'CD', 'RW']",[],24078931933.4578,563.6039976710935,True,False,[],"['Black', 'Red', 'Yellow/Gold']",['White'],Mount Stanley (Margherita Peak),5109.0,Albert Nile,621.0
US,USA,United States,"['United States of America', 'USA']",Washington,"['Washington, DC']",NA,[],9629091.0,327167434,USD,Dollar,"en-US,es-US,haw,fr","['AS', 'GU', 'MP', 'PR', 'UM', 'VI']","['CA', 'MX']",[],18624475000000.0,56926.432965207656,False,False,[],"['Blue', 'Red', 'White']",[],Denali,6190.0,Badwater Basin,-85.0
UY,URY,Uruguay,[],Montevideo,[],SA,[],176220.0,3449299,UYU,Peso,es-UY,[],"['BR', 'AR']",[],52419720713.7316,15197.209842849692,False,False,[],"['Blue', 'White']",['Yellow/Gold'],Cerro Catedral,514.0,South Atlantic Ocean,0.0
UZ,UZB,Uzbekistan,[],Tashkent,[],AS,[],447400.0,32955400,UZS,Som,"uz,ru,tg",[],"['TM', 'AF', 'KG', 'TJ', 'KZ']",[],67220335569.6147,2039.7366006668012,True,False,[],"['Blue', 'Green', 'White']",['Red'],Khazret Sultan,4643.0,Sariqarnish Kuli,-12.0
VA,VAT,Vatican,['Vatican City'],Vatican City,[],EU,[],0.44,921,EUR,Euro,"la,it,fr",[],['IT'],[],19523358.0,21198.0,True,False,[],"['White', 'Yellow/Gold']",[],Vatican Hill,75.0,Saint Peter's Square,33.0
VC,VCT,Saint Vincent and the Grenadines,[],Kingstown,[],NA,[],389.0,110211,XCD,Dollar,"en-VC,fr",[],[],[],768224226.666667,6970.4859466538455,False,True,[],"['Blue', 'Green', 'Yellow/Gold']",[],La Soufrière,1234.0,Caribbean Sea,0.0
VE,VEN,Venezuela,[],Caracas,[],SA,[],912050.0,28870195,VES,Bolivar Soberano,es-VE,[],"['GY', 'BR', 'CO']",[],482359318767.70294,16707.864937098726,False,False,[],"['Blue', 'Red', 'Yellow/Gold']",['White'],Pico Bolívar,4978.0,"Lagunillas Municipality, Zulia",-12.0
VN,VNM,Vietnam,[],Hanoi,[],AS,[],329560.0,95540395,VND,Dong,"vi,en,fr,zh,km",[],"['CN', 'LA', 'KH']",[],205276172134.901,2148.579897904975,False,False,[],"['Red', 'Yellow/Gold']",[],Fansipan,3143.0,South China Sea,0.0
VU,VUT,Vanuatu,[],Port Vila,[],OC,[],12200.0,292680,VUV,Vatu,"bi,en-VU,fr-VU",[],[],[],773502895.9276019,2642.827989365867,False,True,[],"['Black', 'Green', 'Red', 'Yellow/Gold']",[],Mount Tabwemasana on Espiritu Santo,1877.0,South Pacific Ocean,0.0
WS,WSM,Samoa,[],Apia,[],OC,[],2944.0,196130,WST,Tala,"sm,en-WS",[],[],[],786356314.80277,4009.3627430926936,False,True,[],"['Blue', 'Red', 'White']",[],Mauga Silisili on Savai'i,1857.0,South Pacific Ocean,0.0
YE,YEM,Yemen,[],Sanaa,[],AS,[],527970.0,28498687,YER,Rial,ar-YE,[],"['SA', 'OM']",[],27317605346.0714,958.55662915528,False,False,[],"['Black', 'Red', 'White']",[],Jabal An-Nabi Shu'ayb,3666.0,Arabian Sea,0.0
ZA,ZAF,South Africa,[],Pretoria,"['Cape Town', 'Bloemfontein']",AF,[],1219912.0,57779622,ZAR,Rand,"zu,xh,af,nso,en-ZA,tn,st,ts,ss,ve,nr",[],"['ZW', 'SZ', 'MZ', 'BW', 'NA', 'LS']",[],295456189492.005,5113.501599093275,False,False,[],"['Black', 'Blue', 'Green', 'Red', 'White', 'Yellow/Gold']",[],Mafadi,3450.0,South Atlantic Ocean,0.0
ZM,ZMB,Zambia,[],Lusaka,[],AF,[],752614.0,17351822,ZMW,Kwacha,"en-ZM,bem,loz,lun,lue,ny,toi",[],"['ZW', 'TZ', 'MZ', 'CD', 'NA', 'MW', 'AO']",[],21063989682.5243,1213.9353252081712,True,False,[],"['Black', 'Green', 'Orange', 'Red']",[],Mafinga Central,2329.0,Zambezi,329.0
ZW,ZWE,Zimbabwe,[],Harare,[],AF,[],390580.0,14439018,ZWL,Dollar,"en-ZW,sn,nr,nd",[],"['ZA', 'MZ', 'BW', 'ZM']",[],16619960401.903797,1151.0450642767948,True,False,[],"['Black', 'Green', 'Red', 'White', 'Yellow/Gold']",[],Mount Nyangani,2592.0,Confluence of Runde River and Save River,162.0
